x|y|avg_senior|bus_routes
971|731|0.0|[]
971|732|0.0|[]
974|746|0.0|[]
1943|1463|0.0|[]
1943|1464|0.0|[]
1943|1465|13808.773403999998|[]
1944|1464|0.0|[]
1944|1465|0.0|[]
1949|1491|0.0|[]
1949|1492|4332.077514|[]
1949|1493|7134.77846|[]
1950|1491|0.0|[]
1950|1492|0.0|[]
1950|1493|50.4909|[]
1951|1492|0.0|[]
1951|1493|0.0|[]
3880|2928|36536.62899499999|[]
3880|2929|66930.90590199997|[]
3880|2930|5382.721400000001|[]
3880|2931|31385.879995999978|[]
3881|2928|719820.3496820001|[]
3881|2929|338060.5641869997|[]
3881|2930|9272.0865|[]
3881|2931|6073.456340999999|[]
3881|2932|983.1474350000001|[]
3881|2933|6012.947055000002|[]
3881|2934|6443.797860000002|[]
3881|2935|5331.644698|[]
3882|2928|205529.5094549999|[]
3882|2929|157531.88699899992|[]
3882|2930|118744.17931900003|[]
3882|2931|13994.27846|[]
3882|2932|1129.0432230000001|[]
3882|2933|2761.610298000001|[]
3882|2934|15182.934926999991|[]
3882|2935|1393.350124|[]
3882|2936|3279.411857999999|[]
3883|2928|478171.4288900001|[]
3883|2929|22659.807671999995|[]
3883|2930|674391.3468460008|[]
3883|2931|83350.75699800007|[]
3883|2932|11539.641725000001|[]
3883|2933|27770.017652000002|[]
3883|2934|83625.6882949999|[]
3883|2935|2448.63228|[]
3884|2928|993009.0461750003|[]
3884|2929|452659.1226429999|[]
3884|2930|622838.3905660007|[]
3884|2931|13952.149014999997|[]
3884|2932|16354.232407999998|[]
3884|2933|16709.359739|[]
3884|2934|11948.326415000005|[]
3884|2935|5824.331876|[]
3885|2927|52055.17104799996|[]
3885|2928|752577.2070289995|['4.0', '61.0', '80.0', '2.0', '64.0']
3885|2929|1512379.5587240001|[]
3885|2930|694795.5632630007|[]
3885|2931|93530.35248599997|[]
3885|2932|8396.322669|[]
3885|2933|273327.8600769998|[]
3885|2934|37744.100191000005|[]
3885|2935|25474.523626000006|[]
3886|2926|57135.80484099999|[]
3886|2927|103783.03758500007|[]
3886|2928|1559065.8145729997|['76.0', '63.0', '4.0', '56.0', '61.0', '91.0', '80.0', '35.0', '50.0', '71.0', '47.0', '2.0', '46.0', '41.0', '45.0', '3.0', '64.0']
3886|2929|4463082.969452995|['74.0', '59.0', '69.0', '47.0', '73.0', '5.0', '27.0', '35.0', '71.0', '36.0', '90.0', '63.0', '81.0', '32.0', '66.0', '72.0', '42.0', '77.0', '41.0', '75.0', '44.0']
3886|2930|1472142.2744630005|['74.0', '5.0', '27.0', '47.0', '60.0', '75.0', '44.0', '72.0', '42.0']
3886|2931|1515001.2257890021|[]
3886|2932|46787.812175|[]
3886|2933|74614.64621100004|[]
3886|2934|19425.944442999993|[]
3886|2935|9927.600401|[]
3887|2922|2773.8511199999994|[]
3887|2923|3857.4197649999996|[]
3887|2924|5266.933192000001|[]
3887|2926|25795.45175|[]
3887|2927|427162.35736299946|['65.0']
3887|2928|2941615.5415459927|['82.0', '56.0', '69.0', '52.0', '79.0', '45.0', '6.0', '8.0', '5.0', '78.0', '9.0', '35.0', '11.0', '57.0', '34.0', '71.0', '33.0', '4.0', '7.0', '53.0', '2.0', '39.0', '55.0', '46.0', '29.0', '64.0', '42.0', '10.0', '83.0', '13.0', '68.0', '50.0', '25.0', '3.0', '31.0']
3887|2929|7902851.363427|['74.0', '84.0', '69.0', '59.0', '79.0', '52.0', '45.0', '48.0', '6.0', '49.0', '67.0', '5.0', '78.0', '65.0', '27.0', '34.0', '57.0', '33.0', '71.0', '36.0', '26.0', '58.0', '63.0', '37.0', '89.0', '61.0', '62.0', '7.0', '53.0', '55.0', '32.0', '39.0', '66.0', '29.0', '72.0', '42.0', '10.0', '68.0', '77.0', '25.0', '41.0', '75.0', '44.0', '31.0']
3887|2930|1731172.7246409995|['74.0', '37.0', '72.0', '89.0', '20.0', '27.0', '87.0', '81.0', '7.0', '53.0', '18.0', '19.0', '60.0', '75.0', '44.0', '6.0']
3887|2931|303349.620226|[]
3887|2932|53295.86012100003|[]
3887|2933|4531.7710640000005|[]
3888|2922|27491.36837899999|[]
3888|2923|85275.69527100002|[]
3888|2924|29966.674018000005|[]
3888|2925|70018.11365199999|[]
3888|2926|344581.14840700006|[]
3888|2927|48299.52365599992|[]
3888|2928|622488.213308|['84.0', '13.0', '59.0', '35.0', '11.0', '7.0', '50.0', '53.0', '71.0', '2.0', '32.0', '54.0', '79.0', '70.0', '1.0', '51.0', '86.0', '8.0']
3888|2929|4522424.082094995|['74.0', '82.0', '15.0', '84.0', '12.0', '52.0', '79.0', '45.0', '48.0', '38.0', '17.0', '70.0', '6.0', '86.0', '8.0', '67.0', '49.0', '9.0', '40.0', '34.0', '57.0', '33.0', '71.0', '36.0', '58.0', '30.0', '88.0', '37.0', '63.0', '62.0', '16.0', '53.0', '46.0', '39.0', '85.0', '29.0', '83.0', '13.0', '68.0', '41.0', '44.0', '1.0', '51.0']
3888|2930|2517381.043021998|['49.0', '63.0', '83.0', '84.0', '82.0', '43.0', '9.0', '12.0', '40.0', '28.0', '46.0', '58.0', '30.0', '14.0', '70.0', '86.0', '8.0']
3888|2931|62395.678860000015|[]
3888|2932|101082.18610799998|[]
3888|2933|5405.857586|[]
3889|2922|2641.4727449999996|[]
3889|2923|8544.372422000004|[]
3889|2925|20704.622614|[]
3889|2926|328739.18137900013|[]
3889|2927|1526779.208833|[]
3889|2929|27160.432316999995|['9.0', '82.0', '46.0', '12.0']
3889|2930|17047.175551|['12.0', '46.0']
3889|2931|197002.32510600006|[]
3889|2932|390604.40094199986|[]
3889|2933|50110.080354999984|[]
3889|2934|44693.671422|[]
3890|2923|17748.418078999992|[]
3890|2924|16804.573709000004|[]
3890|2925|34018.98157100001|[]
3890|2926|221859.89363799995|[]
3890|2927|349401.57395200036|[]
3890|2928|2040.526906|[]
3890|2932|92283.59421399998|[]
3890|2933|570505.0582789999|[]
3890|2934|470750.7727300002|[]
3890|2935|9769.691239999998|[]
3891|2923|5618.567114|[]
3891|2924|47301.35698499996|[]
3891|2925|85980.33025600003|[]
3891|2926|71604.58485799993|[]
3891|2927|317530.7105569998|[]
3891|2928|157899.44738200016|[]
3891|2929|30667.701997999993|[]
3891|2933|47104.414854|[]
3891|2934|89208.207071|[]
3891|2935|9433.194342999997|[]
3892|2923|1375.763717|[]
3892|2924|28172.493542999986|[]
3892|2925|812586.4259229999|[]
3892|2926|638914.5556760003|[]
3892|2927|67800.83711599998|[]
3892|2928|485475.2727160005|[]
3892|2929|68554.56974499999|[]
3893|2923|198.34062|[]
3893|2924|295783.4490550002|[]
3893|2925|765656.1866890003|[]
3893|2926|31593.70836200002|[]
3893|2927|56208.70618799998|[]
3893|2928|25767.967866000003|[]
3894|2924|31280.47823799997|[]
3894|2925|30810.197369999994|[]
3894|2926|15765.919019|[]
3894|2927|20126.249894000004|[]
3895|2924|17891.563166999993|[]
3895|2925|1313.0158450000001|[]
3895|2926|82.555093|[]
3895|2927|937.4285130000001|[]
3896|2925|2732.582961|[]
3896|2926|7097.719517|[]
3896|2927|5314.60694|[]
3896|2989|25816.177106999992|[]
3896|2990|4133.635383|[]
3896|2991|664.650224|[]
3897|2926|16995.506556|[]
3897|2927|5303.409699|[]
3897|2985|158211.61211399996|['129.0', '128.0']
3897|2986|175757.2242059999|['129.0']
3897|2987|32553.067979000007|[]
3897|2988|39664.74950999998|[]
3897|2989|1821.169993|[]
3897|2990|2448.703821|[]
3898|2925|611.6691470000001|[]
3898|2926|9981.923800999999|[]
3898|2983|2780.957398|[]
3898|2984|264306.212329|['107.0', '122.0', '103.0', '106.0', '102.0', '98.0', '101.0', '99.0', '121.0', '100.0', '123.0', '125.0']
3898|2985|1528057.3559339973|['127.0', '96.0', '128.0', '126.0', '122.0', '98.0', '132.0', '129.0', '121.0', '136.0', '123.0', '124.0']
3898|2986|2084073.1798110013|['135.0', '116.0', '132.0', '129.0', '133.0']
3898|2987|3581.001891000001|[]
3898|2990|234.09417|[]
3899|2926|535.2321860000001|[]
3899|2980|5959.597621|[]
3899|2981|14140.28867499999|[]
3899|2982|20851.791032000005|[]
3899|2983|177502.8975339999|['159.0', '153.0', '157.0', '94.0', '95.0', '156.0', '164.0', '154.0', '158.0', '160.0', '93.0']
3899|2984|5283718.300235024|['159.0', '123.0', '128.0', '106.0', '116.0', '155.0', '154.0', '100.0', '111.0', '133.0', '92.0', '93.0', '140.0', '113.0', '141.0', '107.0', '103.0', '112.0', '98.0', '129.0', '97.0', '125.0', '131.0', '124.0', '165.0', '110.0', '101.0', '102.0', '99.0', '114.0', '120.0', '119.0', '160.0', '96.0', '122.0', '108.0', '156.0', '95.0', '132.0', '115.0', '147.0', '109.0']
3899|2985|2202540.2244510013|['127.0', '105.0', '133.0', '96.0', '128.0', '141.0', '110.0', '116.0', '126.0', '129.0', '136.0', '120.0', '125.0', '131.0', '124.0']
3899|2986|2470714.861432001|['134.0', '120.0', '135.0', '116.0', '133.0', '131.0']
3899|2987|258460.89773900007|[]
3900|2978|437.255766|[]
3900|2979|2741.505126|[]
3900|2980|5535.580156|[]
3900|2981|10194.015454|[]
3900|2982|133876.960283|[]
3900|2983|107180.6476050001|['153.0', '93.0', '157.0', '94.0', '95.0', '156.0', '158.0', '160.0']
3900|2984|8487088.851574011|['159.0', '123.0', '153.0', '106.0', '157.0', '94.0', '116.0', '137.0', '154.0', '148.0', '146.0', '100.0', '111.0', '161.0', '139.0', '117.0', '93.0', '140.0', '105.0', '113.0', '134.0', '141.0', '107.0', '151.0', '103.0', '112.0', '149.0', '163.0', '152.0', '118.0', '131.0', '165.0', '110.0', '101.0', '102.0', '138.0', '99.0', '158.0', '114.0', '120.0', '145.0', '119.0', '96.0', '122.0', '95.0', '130.0', '162.0', '115.0', '104.0', '147.0', '109.0']
3900|2985|1952495.1810460018|['150.0', '127.0', '134.0', '126.0', '135.0', '142.0', '148.0', '143.0', '136.0', '144.0', '120.0', '152.0', '131.0']
3900|2986|241433.42548000038|['135.0', '134.0', '143.0']
3900|2987|44442.944993|[]
3900|2988|7599.167563|[]
3901|2978|1288.5354750000001|[]
3901|2979|21497.331045999996|[]
3901|2980|221.550075|[]
3901|2981|784.973522|[]
3901|2982|11045.724533000004|[]
3901|2983|172802.350659|[]
3901|2984|3299043.9654810163|['151.0', '137.0', '147.0', '118.0', '162.0', '148.0', '104.0', '146.0', '149.0', '161.0', '145.0', '152.0', '117.0']
3901|2985|1580008.6016660007|['150.0', '140.0', '141.0', '130.0', '142.0', '138.0', '148.0', '143.0', '136.0', '144.0', '152.0']
3901|2986|61541.48980699998|['138.0', '144.0', '143.0', '141.0']
3901|2987|12091.071812|[]
3901|2988|1889.340808|[]
3902|2929|233.203075|[]
3902|2978|4912.028039000003|[]
3902|2979|3322.8424990000017|[]
3902|2981|221.550075|[]
3902|2982|2437.0508250000007|[]
3902|2983|24072.120334|[]
3902|2984|13237.815026999991|['147.0', '152.0', '149.0']
3902|2985|97614.069492|['137.0', '142.0', '136.0', '161.0', '145.0']
3902|2986|28026.084452|['138.0', '141.0']
3902|2987|163.242152|[]
3902|2989|859.0052330000001|[]
3903|2976|233.203074|[]
3903|2977|144.471413|[]
3903|2978|39530.43303499998|[]
3903|2979|8090.399128000008|[]
3903|2982|99119.70702799999|[]
3903|2983|25228.293723000003|[]
3903|2985|2658.600896|[]
3903|2986|2117.0560530000002|[]
3904|2977|30772.410888|[]
3904|2978|40802.85466700002|[]
3904|2979|2456.0140210000004|[]
3904|2982|1518.1016450000002|[]
3904|2983|4139.011211999999|[]
3904|2984|5885.446394000001|[]
3904|2985|166.162556|[]
3904|2986|3926.4476819999995|[]
3905|2977|42610.62936500001|[]
3905|2984|1518.1016450000002|[]
3905|2985|4436.940583|[]
3905|2986|385.2571|[]
3906|2985|3073.8717529999994|[]
3906|2986|214.87937399999998|[]
3907|2977|722.357065|[]
3907|2978|433.41423900000007|[]
3908|2977|144.471413|[]
3908|2978|433.41423900000007|[]
3908|2979|433.41423900000007|[]
3908|2980|231.15426|[]
3909|2980|3120.58251|[]
7760|5857|525.35059|[]
7760|5858|2189.169268|[]
7760|5860|5212.5935899999995|[]
7760|5861|20949.409558000003|[]
7760|5862|652.968609|[]
7761|5857|1404.110826|[]
7761|5858|11654.110211000001|[]
7761|5859|3534.6142880000007|[]
7761|5860|2641.762976|[]
7761|5861|10567.909510000001|[]
7761|5862|1647.865676|[]
7761|5863|2652.5725789999988|[]
7762|5856|17530.414172000004|[]
7762|5857|63351.76460800004|[]
7762|5858|42345.37534199998|[]
7762|5859|4203.006788|[]
7762|5861|2617.7354160000004|[]
7762|5862|1561.293897|[]
7762|5863|362.760338|[]
7762|5864|362.760338|[]
7763|5856|66675.480681|[]
7763|5857|627649.1101310003|[]
7763|5858|113040.87883399994|[]
7763|5859|144.471413|[]
7763|5861|1855.1033979999997|[]
7763|5862|749.9488269999999|[]
7763|5864|338.245077|[]
7763|5867|837.356254|[]
7763|5868|7635.289376999999|[]
7763|5869|13734.534445999992|[]
7763|5870|2983.995141|[]
7763|5871|14544.800578999997|[]
7763|5872|9697.301405999999|[]
7763|5873|464.357335|[]
7764|5857|90671.58516899998|[]
7764|5858|26242.97867799998|[]
7764|5859|21831.121559999992|[]
7764|5860|3063.4303249999994|[]
7764|5861|12329.357353|[]
7764|5862|4118.09203|[]
7764|5863|6696.8793590000005|[]
7764|5864|669.822003|[]
7764|5866|163.242152|[]
7764|5867|3328.3370550000004|[]
7764|5868|2456.620417|[]
7764|5869|1481.6068209999999|[]
7764|5870|144.471413|[]
7764|5871|88.905485|[]
7764|5872|535.024372|[]
7764|5873|1400.908795|[]
7765|5856|4018.5636600000003|[]
7765|5857|54572.224964|[]
7765|5858|9323.952342|[]
7765|5859|3230.596435000001|[]
7765|5860|8379.698450999998|[]
7765|5861|14903.8559|[]
7765|5862|6262.466606|[]
7765|5863|2482.0604390000008|[]
7765|5864|1885.8960500000003|[]
7765|5865|1606.670003|[]
7765|5866|1474.284119|[]
7765|5867|233.203075|[]
7765|5868|1572.653675|[]
7765|5869|1006.1968229999999|[]
7765|5870|144.471413|[]
7766|5856|120175.38337199992|[]
7766|5857|55941.60992100002|[]
7766|5858|2833.7812330000006|[]
7766|5859|2936.961949|[]
7766|5860|32576.917504999987|[]
7766|5861|48636.54488700005|[]
7766|5862|7731.388229|[]
7766|5863|7021.209778|[]
7766|5864|1063.042453|[]
7766|5865|144.471413|[]
7766|5866|77.05142|[]
7766|5867|5332.165686000001|[]
7766|5868|6985.024355000001|[]
7766|5869|1768.4566510000002|[]
7766|5871|144.471413|[]
7767|5856|181638.25408000004|[]
7767|5857|218413.61056400003|[]
7767|5858|17258.284056999997|[]
7767|5859|484.55346199999997|[]
7767|5860|60125.264801|[]
7767|5861|318470.9052850002|[]
7767|5862|19163.987067|[]
7767|5863|1043.223569|[]
7767|5864|4059.5277269999997|[]
7767|5865|1368.0192510000002|[]
7767|5866|770.5142|[]
7767|5867|3802.6077039999996|[]
7767|5868|9755.915930999998|[]
7768|5856|93246.23819600003|[]
7768|5857|188144.8466869999|[]
7768|5858|5423.586330999999|[]
7768|5859|41554.851327000004|[]
7768|5860|368783.66178599966|[]
7768|5861|13068.889984999998|[]
7768|5862|1822.4326509999999|[]
7768|5863|442.170081|[]
7768|5864|520.097086|[]
7768|5865|616.41136|[]
7768|5866|1386.92556|[]
7768|5867|3666.329159|[]
7768|5868|1493.980377|[]
7768|5869|77.05142|[]
7769|5856|722.357065|[]
7769|5857|376984.6660309998|[]
7769|5858|18219.345124999985|[]
7769|5859|171677.39428999997|[]
7769|5860|293173.937175|[]
7769|5861|4298.9778940000015|[]
7769|5862|14891.421718000007|[]
7769|5863|762.229826|[]
7769|5864|423.78281|[]
7769|5865|685.6835510000001|[]
7769|5866|231.15426|[]
7769|5867|4807.362046|[]
7769|5868|2375.236584|[]
7769|5869|115.57713|[]
7769|5870|485.540763|[]
7770|5855|525.35059|[]
7770|5857|62673.47486899996|[]
7770|5858|402480.30233400053|[]
7770|5859|375780.9971339998|[]
7770|5860|288294.2639900001|[]
7770|5861|5582.651544|[]
7770|5862|8062.818192|[]
7770|5863|822.241028|[]
7770|5864|1785.0885609999996|[]
7770|5865|276.82099000000005|[]
7770|5866|88.905485|[]
7770|5867|19388.128590999993|[]
7770|5868|6677.573748|[]
7770|5869|6407.949676000001|[]
7770|5870|912.3588589999999|[]
7770|5871|171.460578|[]
7771|5854|75316.56430099999|[]
7771|5855|39411.62851299998|[]
7771|5856|3246.2106759999997|[]
7771|5857|554227.2803680003|[]
7771|5858|366642.7547690003|[]
7771|5859|96749.24388400011|[]
7771|5860|191212.31343200026|[]
7771|5861|19783.283877999995|[]
7771|5862|22004.27830999999|[]
7771|5863|4026.176944|[]
7771|5864|173.365695|[]
7771|5865|385.2571|[]
7771|5867|89373.22622399998|[]
7771|5868|7205.470176999999|[]
7771|5870|171.460578|[]
7772|5853|5713.007866|[]
7772|5854|19250.989635000016|[]
7772|5855|2802.360551|[]
7772|5856|8908.052684000004|['91.0']
7772|5857|81795.796322|['76.0', '91.0', '35.0', '50.0', '41.0', '46.0', '45.0']
7772|5858|171291.759221|['91.0', '35.0', '50.0', '41.0', '45.0', '66.0', '90.0']
7772|5859|155289.366261|['59.0', '90.0', '72.0', '66.0']
7772|5860|84195.12178600003|[]
7772|5861|286523.3637320003|[]
7772|5862|690251.0904150009|[]
7772|5863|3276.038189|[]
7772|5864|443.045665|[]
7772|5865|6401.88425|[]
7772|5866|2136.0982219999996|[]
7772|5867|26359.322097000007|[]
7772|5868|23196.807506999998|[]
7772|5869|11489.841929|[]
7772|5870|13209.096816999998|[]
7772|5871|10966.269703000002|[]
7773|5851|1914.3249640000001|[]
7773|5852|5897.575722000003|[]
7773|5853|12002.747220999992|[]
7773|5854|8514.209996999996|[]
7773|5855|30301.68973299998|[]
7773|5856|2837.231060000001|[]
7773|5857|88667.5960070001|['76.0', '56.0', '91.0', '57.0', '50.0', '71.0', '47.0', '55.0', '39.0', '41.0', '3.0', '46.0']
7773|5858|35591.02547399998|['32.0', '42.0']
7773|5859|429754.76639299974|['74.0', '63.0', '5.0', '73.0', '72.0', '27.0', '59.0', '69.0', '81.0', '77.0', '47.0', '36.0', '66.0', '90.0', '42.0']
7773|5860|84317.84234500004|['5.0', '47.0', '60.0', '75.0', '44.0']
7773|5861|387493.8869300001|[]
7773|5862|74194.07880800002|[]
7773|5863|17428.176486000004|[]
7773|5864|22026.25288299999|[]
7773|5865|35853.743594000014|[]
7773|5866|37776.608347999994|[]
7773|5867|7005.4009639999995|[]
7773|5868|1606.9858800000002|[]
7773|5870|272.070254|[]
7774|5845|3582.891030000001|[]
7774|5846|2308.7907659999996|[]
7774|5847|781.5215460000001|[]
7774|5848|2076.314560999999|[]
7774|5851|9727.741784000002|[]
7774|5852|33810.93770999997|[]
7774|5853|9517.168823000002|[]
7774|5854|37219.057627|[]
7774|5855|138534.37113099996|['65.0']
7774|5856|101552.03598899998|[]
7774|5857|667413.5674680002|['68.0', '78.0', '4.0', '56.0', '35.0', '34.0', '57.0', '50.0', '71.0', '2.0', '39.0', '55.0', '3.0', '45.0', '46.0', '64.0']
7774|5858|124978.2558640001|['49.0', '84.0', '5.0', '69.0', '34.0', '77.0', '25.0', '26.0', '79.0', '64.0']
7774|5859|457137.7480789995|['67.0', '49.0', '5.0', '59.0', '69.0', '77.0', '25.0', '36.0', '55.0', '66.0', '75.0', '44.0']
7774|5860|175284.8510800001|['20.0', '87.0', '27.0', '81.0', '53.0', '19.0', '60.0', '75.0', '6.0']
7774|5861|508887.5650599997|['53.0', '18.0', '6.0']
7774|5862|135836.11422100003|[]
7774|5863|63907.60726400003|[]
7774|5864|21531.049181999995|[]
7774|5866|537.384263|[]
7774|5867|88.905485|[]
7775|5845|1040.19417|[]
7775|5847|699.982627|[]
7775|5848|196.12006300000002|[]
7775|5851|2285.858791000001|[]
7775|5852|14800.525312000003|[]
7775|5853|43281.94055500001|[]
7775|5854|73023.83652799999|[]
7775|5855|134112.23073499984|[]
7775|5856|17653.057074999997|[]
7775|5857|555060.8283509999|['82.0', '52.0', '79.0', '70.0', '6.0', '86.0', '8.0', '78.0', '9.0', '35.0', '11.0', '71.0', '4.0', '7.0', '53.0', '2.0', '46.0', '29.0', '21.0', '83.0', '13.0', '23.0', '50.0', '3.0', '31.0']
7775|5858|392477.3383609999|['74.0', '84.0', '5.0', '78.0', '69.0', '34.0', '25.0', '33.0', '79.0', '36.0', '39.0', '44.0', '31.0', '70.0', '21.0', '86.0', '10.0']
7775|5859|933431.4564080012|['49.0', '36.0', '44.0']
7775|5860|138590.92968600008|['74.0', '37.0', '89.0', '87.0', '27.0', '20.0', '81.0', '7.0', '25.0', '53.0', '18.0', '19.0', '60.0', '6.0']
7775|5861|90474.69397700012|['37.0', '89.0', '87.0', '27.0', '7.0', '18.0']
7775|5862|70301.513554|[]
7775|5863|60625.15747200001|[]
7775|5864|20661.774112999996|[]
7775|5865|4820.20307|[]
7775|5866|4000.0508300000006|[]
7776|5845|1211.026123|[]
7776|5846|1733.6569499999994|[]
7776|5847|1876.7478919999996|[]
7776|5852|348.52410299999997|[]
7776|5853|113535.38802799999|[]
7776|5854|1390.724215|[]
7776|5855|3672.5969040000004|[]
7776|5856|13167.178237|[]
7776|5857|645524.5173330015|['82.0', '84.0', '59.0', '52.0', '79.0', '70.0', '6.0', '86.0', '8.0', '9.0', '35.0', '11.0', '33.0', '71.0', '54.0', '7.0', '53.0', '2.0', '46.0', '32.0', '29.0', '83.0', '13.0', '50.0', '1.0', '51.0']
7776|5858|573874.8880410012|['88.0', '13.0', '37.0', '48.0', '9.0', '51.0', '70.0', '33.0', '52.0', '17.0', '39.0', '30.0', '38.0', '29.0', '44.0', '6.0']
7776|5859|461544.11312500056|['67.0', '68.0', '16.0', '28.0', '39.0', '58.0', '85.0', '45.0', '48.0', '86.0', '8.0']
7776|5860|56479.432257|['84.0', '40.0', '28.0', '14.0', '8.0']
7776|5861|68256.54844399999|['82.0', '84.0', '43.0', '9.0', '28.0']
7776|5862|12602.146032999999|[]
7776|5863|1450.1469379999999|[]
7776|5864|2706.037504|[]
7776|5865|7422.390622999999|[]
7776|5866|13262.332505000002|[]
7776|5867|290.289878|[]
7777|5845|4302.880475000001|[]
7777|5846|12358.570859999998|[]
7777|5847|5815.011135999997|[]
7777|5849|68.215674|[]
7777|5850|287.20211500000005|[]
7777|5851|1568.526692|[]
7777|5852|9676.101033|[]
7777|5853|98454.38666199998|[]
7777|5854|17002.524088999988|[]
7777|5858|18485.999398999993|['70.0', '85.0', '57.0']
7777|5859|693000.1862320001|['67.0', '82.0', '15.0', '9.0', '12.0', '62.0', '16.0', '46.0', '85.0', '38.0', '14.0', '70.0', '86.0', '8.0']
7777|5860|579985.252985|['49.0', '82.0', '83.0', '63.0', '43.0', '9.0', '12.0', '40.0', '28.0', '46.0', '58.0', '30.0', '14.0', '70.0', '86.0', '8.0']
7777|5861|121154.981581|['9.0', '12.0', '40.0', '46.0', '30.0']
7777|5862|23969.388562999997|[]
7777|5863|17606.691230000008|[]
7777|5864|15990.359733000007|[]
7777|5865|9229.727308999998|[]
7777|5866|13332.600948999998|[]
7777|5867|144.471413|[]
7777|5869|148.401957|[]
7778|5845|305.854228|[]
7778|5846|55.097274|[]
7778|5847|181.380169|[]
7778|5849|408.105381|[]
7778|5850|2244.579597|[]
7778|5851|7151.560965000002|[]
7778|5852|262363.028886|[]
7778|5853|107079.9018779999|[]
7778|5854|4620.1421310000005|[]
7778|5855|382360.69072100025|[]
7778|5859|558.985126|[]
7778|5860|58120.79370699996|['30.0', '12.0']
7778|5861|21338.103276999995|['30.0', '12.0']
7778|5862|4672.254623|[]
7778|5863|34363.88680700001|[]
7778|5864|164883.892477|[]
7778|5865|73431.818997|[]
7778|5866|6556.93647|[]
7778|5867|2987.883105|[]
7778|5869|276.82099000000005|[]
7779|5850|2024.980032|[]
7779|5851|8904.470744|[]
7779|5852|31515.2681|[]
7779|5853|7463.152979000001|[]
7779|5854|83974.59221999996|[]
7779|5855|206313.8098780002|[]
7779|5863|705.484492|[]
7779|5864|149248.05345599997|[]
7779|5865|136389.75536900008|[]
7779|5866|4199.830643|[]
7779|5867|8244.06192|[]
7779|5868|7241.417511|[]
7780|5848|1230.794003|[]
7780|5850|252591.50029899983|[]
7780|5851|184111.75499100029|[]
7780|5852|38757.533711|[]
7780|5853|7217.998245999998|[]
7780|5854|115595.79098399998|[]
7780|5855|38407.85087799998|[]
7780|5857|233.203075|[]
7780|5858|310.254495|[]
7780|5865|167385.40527099997|[]
7780|5866|773693.7368410003|[]
7780|5867|16648.979459000002|[]
7780|5868|261155.28212699998|[]
7780|5869|16411.050550999997|[]
7780|5870|272.070254|[]
7780|5871|1621.741475|[]
7781|5846|332.862509|[]
7781|5848|4258.864769999999|[]
7781|5849|5504.781520999998|[]
7781|5850|1599.429614|[]
7781|5851|27592.530619999998|[]
7781|5852|78625.397395|[]
7781|5853|17225.029501999994|[]
7781|5854|4510.771369|[]
7781|5855|2297.071748|[]
7781|5856|1268.81055|[]
7781|5858|857.021301|[]
7781|5865|10479.917201|[]
7781|5866|44563.950714000006|[]
7781|5867|174551.01813500014|[]
7781|5868|45600.375037|[]
7781|5869|9096.722431|[]
7781|5870|3766.474924|[]
7781|5871|786.615279|[]
7782|5846|1630.428337|[]
7782|5849|5946.678406999999|[]
7782|5850|1376.4185519999999|[]
7782|5851|13313.679894999997|[]
7782|5852|137208.86070699999|[]
7782|5853|7702.354145|[]
7782|5854|12646.428579|[]
7782|5855|15253.621982|[]
7782|5856|437.344782|[]
7782|5857|1632.6295800000003|[]
7782|5858|18446.310298|[]
7782|5867|54845.739317000036|[]
7782|5868|54152.68575100001|[]
7782|5869|31598.492056999996|[]
7782|5870|277.694444|[]
7783|5847|207.291622|[]
7783|5849|932.812298|[]
7783|5850|559.6873800000001|[]
7783|5851|49997.324225000004|[]
7783|5852|105714.67191700001|[]
7783|5853|4547.4599610000005|[]
7783|5854|12208.236977000002|[]
7783|5855|12025.351745000002|[]
7783|5856|2841.549589|[]
7783|5857|94280.474316|[]
7783|5858|19242.099138|[]
7783|5859|2695.1976680000007|[]
7783|5863|96.314275|[]
7783|5867|536.624541|[]
7783|5868|955.9819570000001|[]
7783|5869|47892.49724800002|[]
7783|5870|10596.030427000002|[]
7783|5871|2307.982456|[]
7784|5847|5403.534496|[]
7784|5849|1632.421524|[]
7784|5850|16234.739195000002|[]
7784|5851|687626.7240309996|[]
7784|5852|34708.20502|[]
7784|5853|4780.6630350000005|[]
7784|5854|10121.910382999999|[]
7784|5855|3050.628052|[]
7784|5856|69195.51617299998|[]
7784|5857|582550.0077989997|[]
7784|5858|10367.365401000001|[]
7784|5859|14574.027069999993|[]
7784|5868|105.070118|[]
7784|5870|6936.75161|[]
7784|5871|5035.171090999999|[]
7785|5847|4078.898383|[]
7785|5850|17701.754079000002|[]
7785|5851|50975.612614000005|[]
7785|5852|51597.459490000016|[]
7785|5853|6830.077754|[]
7785|5854|5083.425259999999|[]
7785|5855|3467.3138999999996|[]
7785|5856|98295.11774500003|[]
7785|5857|34784.216176999995|[]
7785|5858|10545.904131|[]
7785|5859|5157.563521|[]
7785|5868|105.070118|[]
7785|5871|88.905485|[]
7786|5848|2883.944694|[]
7786|5849|206306.86454899993|[]
7786|5850|598.5545589999999|[]
7786|5851|16068.727688999998|[]
7786|5853|11023.277867000003|[]
7786|5854|34069.03253600003|[]
7786|5855|1190.263293|[]
7786|5856|12231.281213999999|[]
7786|5857|19564.543024000002|[]
7786|5858|7163.186723000001|[]
7786|5870|134.081553|[]
7786|5871|134.081553|[]
7787|5849|304265.6294600003|[]
7787|5850|40312.74697|[]
7787|5851|21698.077911999997|[]
7787|5852|20064.78137|[]
7787|5853|8351.408058999994|[]
7787|5854|10843.089316999998|[]
7787|5855|21262.109078999998|[]
7787|5856|3291.477062|[]
7787|5857|2732.582961|[]
7787|5869|88.905485|[]
7788|5848|616.3762139999999|[]
7788|5849|13357.488631999995|[]
7788|5850|3599.2663350000003|[]
7788|5851|13413.532011|[]
7788|5852|12429.929451|[]
7788|5853|17799.466138|[]
7788|5854|6425.191025000001|[]
7788|5855|1638.603701|[]
7788|5856|4372.579118|[]
7788|5858|1741.16196|[]
7789|5849|3005.445135|[]
7789|5850|1392.225942|[]
7789|5851|1832.595853|[]
7789|5852|7071.283208|[]
7789|5854|699.609225|[]
7789|5858|975.6510979999999|[]
7790|5848|154.10284|[]
7790|5849|2857.079560999999|[]
7790|5850|148.401957|[]
7790|5851|2952.5805760000003|[]
7790|5852|8224.952508999999|[]
7791|5849|6762.8891730000005|[]
7791|5851|5669.762508|[]
7791|5852|4856.489839|[]
7791|5853|144.471413|[]
7792|5851|2732.582961|[]
7792|5852|10260.889051|[]
7792|5979|5710.076237|[]
7793|5851|2713.3109649999997|[]
7793|5852|4615.659863|[]
7793|5854|466.40615|[]
7793|5978|4385.819664000004|[]
7793|5979|24576.380288999997|[]
7793|5980|1941.4406359999998|[]
7793|5982|1661.62556|[]
7793|5983|332.325112|[]
7794|5852|8562.663677|[]
7794|5854|1632.421525|[]
7794|5972|4320.226456|[]
7794|5973|1661.62556|[]
7794|5974|11299.053808000004|[]
7794|5975|1329.300448|[]
7794|5976|6784.825914999999|[]
7794|5977|1758.8850589999997|[]
7794|5978|2202.1953639999997|[]
7794|5979|288.942826|[]
7794|5980|1329.300448|[]
7794|5981|909.506299|[]
7794|5982|3900.4323059999992|[]
7795|5852|7300.431564000001|[]
7795|5862|82.555093|[]
7795|5970|19065.636766000007|[]
7795|5971|22198.163677000008|[]
7795|5972|18942.53138500001|['129.0']
7795|5973|24105.999995|[]
7795|5974|10684.887996000001|[]
7795|5975|25758.037889000007|[]
7795|5976|3002.2685839999995|[]
7795|5977|1098.064463|[]
7795|5978|1858.883117|[]
7796|5851|4151.374685|[]
7796|5852|10287.691246999999|[]
7796|5854|3498.0461249999994|[]
7796|5968|110.775037|[]
7796|5969|33675.61135900001|['122.0']
7796|5970|227662.70216600044|['127.0', '96.0', '128.0', '122.0', '98.0', '121.0', '123.0']
7796|5971|192786.2138820001|['129.0', '128.0', '132.0']
7796|5972|35694.822114|[]
7796|5973|11963.668266999995|[]
7796|5974|319.119997|[]
7796|5975|3875.574194|[]
7796|5979|39.015695|[]
7796|5981|195.078475|[]
7797|5851|452.184977|[]
7797|5852|2320.112193|[]
7797|5966|0.0|[]
7797|5967|0.0|[]
7797|5968|11293.213002999999|['103.0', '106.0', '102.0', '98.0', '101.0', '99.0']
7797|5969|684665.3919009984|['122.0', '125.0', '101.0', '107.0']
7797|5970|228314.30577000018|['127.0', '122.0', '126.0', '125.0', '124.0']
7797|5971|81585.81501499991|['129.0', '124.0']
7797|5972|646928.8721349998|[]
7797|5973|707186.8814469997|['133.0']
7797|5974|445.790671|[]
7797|5980|39.015695|[]
7797|5981|156.06278|[]
7798|5852|513.890391|[]
7798|5855|932.8123|[]
7798|5857|88.905485|[]
7798|5960|2229.827356|[]
7798|5961|7253.691334000001|[]
7798|5962|4223.778031|[]
7798|5963|412.2316219999999|[]
7798|5964|14796.527081999997|[]
7798|5965|44623.81996999999|['164.0']
7798|5966|5163.7894|['164.0']
7798|5967|8074.871075|['159.0', '154.0', '155.0']
7798|5968|44928.81390899999|['108.0', '103.0', '106.0', '99.0', '125.0']
7798|5969|629174.3911779996|['105.0', '96.0', '107.0', '122.0', '108.0', '101.0', '100.0', '125.0', '124.0']
7798|5970|113965.48126400023|['127.0', '105.0', '96.0', '126.0', '129.0', '100.0', '136.0', '125.0', '124.0']
7798|5971|54642.80112099998|[]
7798|5972|239553.37602300016|[]
7798|5973|805434.9943519996|[]
7798|5974|27.548637|[]
7798|5975|2856.737673|[]
7798|5976|1632.4215280000003|[]
7798|5980|117.04708500000001|[]
7799|5855|2798.4368999999997|[]
7799|5857|414.62285099999997|[]
7799|5858|105.070118|[]
7799|5961|1575.5112100000001|[]
7799|5962|4924.267394|[]
7799|5963|772.051225|[]
7799|5964|7241.411806|[]
7799|5965|10932.430492000001|[]
7799|5966|5517.127450000002|['164.0']
7799|5967|80210.2771650001|['159.0', '153.0', '156.0', '95.0', '94.0', '157.0', '154.0', '158.0', '160.0', '93.0']
7799|5968|861466.1351640021|['159.0', '153.0', '128.0', '106.0', '155.0', '154.0', '100.0', '111.0', '133.0', '93.0', '140.0', '107.0', '112.0', '98.0', '97.0', '165.0', '110.0', '99.0', '114.0', '160.0', '96.0', '122.0', '156.0', '95.0', '132.0', '115.0', '109.0']
7799|5969|1804670.8491629993|['128.0', '155.0', '148.0', '100.0', '111.0', '133.0', '105.0', '113.0', '141.0', '107.0', '103.0', '112.0', '129.0', '125.0', '124.0', '165.0', '110.0', '101.0', '102.0', '114.0', '119.0', '160.0', '96.0', '122.0', '108.0', '156.0', '132.0', '123.0']
7799|5970|382818.3023999996|['127.0', '110.0', '111.0', '136.0', '114.0']
7799|5971|106513.90771299998|['126.0']
7799|5972|212526.76677100002|['135.0', '134.0']
7799|5973|77497.80155499994|['131.0']
7799|5974|61746.00582199996|[]
7799|5975|2658.600896|[]
7800|5856|293.3881|[]
7800|5958|204.052691|[]
7800|5961|332.325112|[]
7800|5963|163.242152|[]
7800|5964|16909.937218000003|[]
7800|5965|82841.14947900001|[]
7800|5966|4532.987827|[]
7800|5967|45019.819193999996|['153.0', '156.0', '95.0', '94.0', '157.0', '158.0', '160.0', '93.0']
7800|5968|6345827.186824018|['159.0', '123.0', '153.0', '106.0', '157.0', '94.0', '137.0', '154.0', '146.0', '100.0', '111.0', '161.0', '139.0', '117.0', '140.0', '105.0', '113.0', '107.0', '112.0', '152.0', '118.0', '165.0', '110.0', '138.0', '99.0', '158.0', '114.0', '145.0', '96.0', '122.0', '95.0', '130.0', '115.0', '147.0', '109.0']
7800|5969|2193390.4456670005|['116.0', '137.0', '94.0', '148.0', '146.0', '111.0', '161.0', '139.0', '140.0', '105.0', '134.0', '113.0', '103.0', '112.0', '131.0', '110.0', '101.0', '138.0', '145.0', '120.0', '130.0', '147.0']
7800|5970|732469.1961439992|['127.0', '134.0', '126.0', '103.0', '135.0', '94.0', '110.0', '142.0', '148.0', '104.0', '111.0', '143.0', '144.0']
7800|5971|56218.33146300001|['135.0', '144.0', '134.0', '143.0']
7800|5972|220233.0138590003|['135.0', '134.0']
7800|5973|14639.334980000007|['131.0']
7800|5974|25210.060393000007|[]
7800|5976|132.930045|[]
7801|5855|1166.015375|[]
7801|5856|233.203075|[]
7801|5958|3709.29789|[]
7801|5959|5632.031231|[]
7801|5960|8746.838248|[]
7801|5961|9372.025468|[]
7801|5962|9323.573276000001|[]
7801|5963|8729.924973|[]
7801|5964|9239.423470000003|[]
7801|5965|7577.054935|[]
7801|5966|36526.517609999995|['160.0', '93.0']
7801|5967|13133.403214|[]
7801|5968|173833.29158900015|['105.0', '106.0', '137.0', '147.0', '166.0', '146.0', '161.0', '145.0', '163.0', '117.0']
7801|5969|367902.34611199965|['163.0', '140.0', '110.0', '137.0', '130.0', '147.0', '138.0', '146.0', '111.0', '161.0', '145.0', '139.0', '119.0', '117.0']
7801|5970|435384.4133109996|['150.0', '140.0', '134.0', '130.0', '138.0', '143.0', '144.0', '139.0']
7801|5971|58325.32600899997|['144.0', '143.0']
7801|5972|29610.059727000007|['144.0']
7801|5973|2425.098432|[]
7801|5976|4202.684902000001|[]
7801|5977|3987.901344|[]
7802|5856|466.40615|[]
7802|5956|2170.246078|[]
7802|5957|4217.9720560000005|[]
7802|5958|43035.911819999994|[]
7802|5959|615.427131|[]
7802|5962|4151.143499000001|[]
7802|5963|3886.674567|[]
7802|5965|3987.901344|[]
7802|5967|20965.287260999998|[]
7802|5968|57351.64811399999|['163.0', '117.0']
7802|5969|356322.23146099964|['151.0', '118.0', '148.0', '104.0', '163.0', '117.0']
7802|5970|245829.428902|['148.0']
7802|5971|130831.39618500012|[]
7802|5972|27587.124997|['139.0', '141.0']
7802|5973|11601.262362|[]
7802|5974|16711.248011|[]
7802|5975|2421.6238810000004|[]
7802|5976|686.8052319999999|[]
7802|5977|892.365471|[]
7803|5958|3623.593745|[]
7803|5959|6678.426931000001|[]
7803|5960|1329.300448|[]
7803|5961|3766.351268|[]
7803|5962|4454.672237000001|[]
7803|5964|2215.5007500000006|[]
7803|5965|6376.026908|[]
7803|5966|5465.165921|[]
7803|5967|21617.461659|[]
7803|5968|150889.17432100023|['162.0', '146.0']
7803|5969|59169.981836999985|['151.0', '148.0']
7803|5970|145677.4884260001|[]
7803|5971|21970.308078999995|['140.0']
7803|5972|20899.689082000004|['141.0']
7803|5973|1993.950672|[]
7803|5975|7499.872106000001|[]
7803|5976|4537.650881|[]
7803|5977|1821.7219760000003|[]
7804|5858|233.203075|[]
7804|5859|233.203075|[]
7804|5952|1224.316145|[]
7804|5958|227.715247|[]
7804|5961|455.430494|[]
7804|5962|1434.2346780000003|[]
7804|5963|1888.9878279999998|[]
7804|5964|1575.511212|[]
7804|5967|22993.074741|[]
7804|5968|49265.090588|[]
7804|5969|9452.869208000002|[]
7804|5970|22490.32189599999|[]
7804|5971|11379.102015000004|[]
7804|5972|9791.458517|[]
7804|5973|2165.41125|[]
7804|5976|7441.900320000001|[]
7804|5977|13060.955745000005|[]
7804|5978|3713.933296|[]
7805|5953|3468.895745|[]
7805|5957|4623.085212000002|[]
7805|5958|722.357065|[]
7805|5963|443.10015|[]
7805|5964|10019.470856|[]
7805|5965|1821.721974|[]
7805|5966|11512.911809|[]
7805|5967|13638.254113|[]
7805|5968|0.0|[]
7805|5970|14668.705901999996|['161.0', '137.0', '142.0', '136.0']
7805|5971|332.325112|[]
7805|5972|3815.672646|[]
7805|5978|4771.437408000001|[]
7806|5952|360.975739|[]
7806|5953|6365.574664999995|[]
7806|5954|2565.233818|[]
7806|5958|577.885652|[]
7806|5965|9550.81166|[]
7806|5966|17146.262332000002|[]
7806|5970|5058.8587449999995|[]
7806|5971|781.251761|[]
7807|5952|848.630205|[]
7807|5953|2809.6080259999994|[]
7807|5956|27.548637|[]
7807|5958|1444.71413|[]
7807|5964|44935.80867|[]
7807|5965|4994.710016000001|[]
7807|5966|2895.825112|[]
7807|5968|470.95571700000005|[]
7807|5970|8267.290733|[]
7807|5971|1661.62556|[]
7807|5972|7772.847157000001|[]
7807|5973|996.975336|[]
7807|5976|233.203075|[]
7808|5953|470.95571800000005|[]
7808|5954|360.975739|[]
7808|5956|144.471413|[]
7808|5957|288.942826|[]
7808|5963|30969.273546|[]
7808|5964|138877.09417199998|[]
7808|5966|607.240658|[]
7808|5967|163.242152|[]
7808|5969|8215.947309|[]
7808|5970|10203.831838999999|[]
7808|5972|22487.332585000004|[]
7808|5973|7883.622195000002|[]
7809|5954|615.427131|[]
7809|5955|6303.998619999998|[]
7809|5965|1399.2184499999998|[]
7809|5969|7551.297085|[]
7809|5970|7803.573992|[]
7809|5972|5040.264198999999|[]
7809|5973|6603.445065|[]
7810|5954|5317.201792|[]
7810|5955|26071.04707600001|[]
7810|5969|4061.883409|[]
7810|5970|11578.409569|[]
7811|5955|3987.901344|[]
7811|5956|3323.25112|[]
7811|5970|14501.075860000003|[]
7812|5956|664.650224|[]
7812|5970|7631.345292|[]
7812|5971|2887.426163|[]
7813|5953|96.024796|[]
7813|5970|1329.300448|[]
7813|5971|7549.275039000001|[]
7813|5972|191.003888|[]
7813|5973|286.505832|[]
7815|5955|1300.242715|[]
7815|5956|577.885652|[]
7816|5957|866.828478|[]
7816|5958|1155.771304|[]
7817|5958|288.942826|[]
7818|5960|115.57713|[]
7819|5959|346.73139|[]
7819|5960|693.46278|[]
7819|5961|115.57713|[]
